User_Id,DepartmentName,Location,Country
111111,IT,Istanbul,Turkey
114425,HR,London,United Kingdom
114862,Technical Office,Dublin,Ireland
116286,Operations Department,Dublin,Ireland
116530,Planning,London,United Kingdom
117603,QC,London,United Kingdom
117956,Operations Department,Doha,Qatar
117980,Operations Department,Kyiv,Ukraine
118109,Operations Department,Munchen,Germany
118236,Accounting Department,London,United Kingdom
118882,Operations Department,London,United Kingdom
119399,Technical Office,London,United Kingdom
122005,Accounting Department,Dublin,Ireland
124923,Operations Department,London,United Kingdom
125134,Logistic,London,United Kingdom
125371,Technical Office,Munchen,Germany
125780,Operations Department,Kyiv,Ukraine
125823,HSE,London,United Kingdom
126137,Operations Department,Munchen,Germany
126316,Technical Office,London,United Kingdom
127205,QC,London,United Kingdom
129077,Technical Office,London,United Kingdom
129405,Technical Office,Dublin,Ireland
129426,Audit,London,United Kingdom
130501,QC,London,United Kingdom
130591,Accounting Department,London,United Kingdom
131361,Operations Department,Kyiv,Ukraine
133610,Procurement,Istanbul,Turkey
135089,IT,London,United Kingdom
136626,Accounting Department,Doha,Qatar
138130,Technical Office,Istanbul,Turkey
138351,QC,London,United Kingdom
138800,Technical Office,Amsterdam,Netherlands
140932,Operations Department,Munchen,Germany
141022,Accounting Department,Munchen,Germany
141086,Accounting Department,Doha,Qatar
141178,HR,Dublin,Ireland
141326,HR,Dublin,Ireland
142501,Operations Department,Doha,Qatar
143029,Planning,London,United Kingdom
143864,Technical Office,London,United Kingdom
143898,IT,London,United Kingdom
144114,HR,London,United Kingdom
144235,Accounting Department,London,United Kingdom
144715,Accounting Department,Doha,Qatar
145327,HR,London,United Kingdom
146790,Technical Office,London,United Kingdom
146825,Accounting Department,Istanbul,Turkey
147313,Operations Department,London,United Kingdom
147382,Operations Department,Istanbul,Turkey
149750,Technical Office,London,United Kingdom
149763,Accounting Department,Kyiv,Ukraine
149818,Operations Department,Istanbul,Turkey
149844,Operations Department,Istanbul,Turkey
149904,Accounting Department,Amsterdam,Netherlands
150036,Technical Office,London,United Kingdom
151449,Planning,London,United Kingdom
155570,IT,London,United Kingdom
155916,Procurement,London,United Kingdom
155956,Accounting Department,Budapest,Hungary
158543,HR,London,United Kingdom
158689,Accounting Department,London,United Kingdom
159108,HR,Lyviv,Ukraine
159397,Technical Office,Munchen,Germany
159472,Accounting Department,Budapest,Hungary
160350,Procurement,London,United Kingdom
160503,HR,Amsterdam,Netherlands
161109,Commissioning,Amsterdam,Netherlands
161467,Technical Office,London,United Kingdom
162573,Accounting Department,Kyiv,Ukraine
162773,Planning,London,United Kingdom
163351,Technical Office,London,United Kingdom
166615,HR,Budapest,Hungary
166790,Accounting Department,Doha,Qatar
168016,Technical Office,Istanbul,Turkey
168824,HR,London,United Kingdom
168829,Accounting Department,Dublin,Ireland
169348,HR,London,United Kingdom
169618,Operations Department,Kyiv,Ukraine
169739,Operations Department,Istanbul,Turkey
169763,HR,Amsterdam,Netherlands
171553,HR,Amsterdam,Netherlands
172440,Operations Department,Istanbul,Turkey
174542,Operations Department,Istanbul,Turkey
175035,Accounting Department,Istanbul,Turkey
176214,Planning,London,United Kingdom
177821,Accounting Department,Munchen,Germany
177982,Technical Office,London,United Kingdom
178602,Accounting Department,Doha,Qatar
180696,Technical Office,Istanbul,Turkey
180869,Operations Department,Istanbul,Turkey
182719,Accounting Department,Budapest,Hungary
185077,HR,Amsterdam,Netherlands
186102,Planning,London,United Kingdom
186298,Operations Department,Istanbul,Turkey
187639,Operations Department,Kyiv,Ukraine
188409,Commissioning,London,United Kingdom
189557,Accounting Department,London,United Kingdom
191240,Accounting Department,Doha,Qatar
191963,Accounting Department,London,United Kingdom
191985,Operations Department,Doha,Qatar
191995,Operations Department,London,United Kingdom
192175,Accounting Department,Doha,Qatar
192292,Technical Office,London,United Kingdom
194598,Technical Office,London,United Kingdom
196011,Planning,Kyiv,Ukraine
196645,Design Engineering,London,United Kingdom
197867,Operations Department,Munchen,Germany
198476,Operations Department,Istanbul,Turkey
199699,Operations Department,Istanbul,Turkey
201612,Operations Department,Dublin,Ireland
201710,HR,London,United Kingdom
202408,Operations Department,Dublin,Ireland
204626,Operations Department,Munchen,Germany
205347,Technical Office,London,United Kingdom
205865,Operations Department,London,United Kingdom
206279,Technical Office,London,United Kingdom
206695,Operations Department,London,United Kingdom
206783,Accounting Department,Amsterdam,Netherlands
206997,Operations Department,Doha,Qatar
208230,Operations Department,London,United Kingdom
208375,Procurement,Istanbul,Turkey
208763,Procurement,Istanbul,Turkey
209627,Operations Department,Munchen,Germany
210135,Operations Department,Dublin,Ireland
211129,Operations Department,Doha,Qatar
211729,Operations Department,Dublin,Ireland
212917,HR,Amsterdam,Netherlands
213493,Technical Office,London,United Kingdom
214985,Operations Department,Kyiv,Ukraine
215473,Technical Office,London,United Kingdom
215589,QC,London,United Kingdom
216408,Operations Department,Kyiv,Ukraine
217117,Operations Department,Doha,Qatar
219020,Accounting Department,Kyiv,Ukraine
220061,QC,London,United Kingdom
221262,Technical Office,London,United Kingdom
222179,Operations Department,Kyiv,Ukraine
222563,Technical Office,Munchen,Germany
222807,Operations Department,Doha,Qatar
223379,Business Development,Istanbul,Turkey
224106,Operations Department,London,United Kingdom
224473,Accounting Department,Amsterdam,Netherlands
224527,Operations Department,Kyiv,Ukraine
225090,Accounting Department,Kyiv,Ukraine
225139,Contract,Doha,Qatar
226811,Technical Office,London,United Kingdom
226863,Operations Department,Istanbul,Turkey
228229,Technical Office,Istanbul,Turkey
228339,Operations Department,Kyiv,Ukraine
228355,Operations Department,London,United Kingdom
229037,IT,London,United Kingdom
229899,Technical Office,Dublin,Ireland
230226,Technical Office,London,United Kingdom
230829,Technical Office,London,United Kingdom
232070,QC,London,United Kingdom
232194,HR,London,United Kingdom
232387,Operations Department,Istanbul,Turkey
232425,Operations Department,London,United Kingdom
232585,Operations Department,Munchen,Germany
232661,Accounting Department,London,United Kingdom
232794,HR,Dublin,Ireland
233110,Planning,London,United Kingdom
234177,Technical Office,London,United Kingdom
234429,Operations Department,Istanbul,Turkey
234880,QC,London,United Kingdom
236366,QC,London,United Kingdom
237003,Planning,London,United Kingdom
237448,Operations Department,Doha,Qatar
237902,Operations Department,London,United Kingdom
238361,Legal,London,United Kingdom
238992,Accounting Department,Munchen,Germany
239010,QC,Istanbul,Turkey
239118,Technical Office,Munchen,Germany
239168,Operations Department,Doha,Qatar
239415,Technical Office,London,United Kingdom
240295,Accounting Department,London,United Kingdom
240799,Operations Department,Kyiv,Ukraine
240842,Planning,London,United Kingdom
241302,QC,London,United Kingdom
241389,Operations Department,Kyiv,Ukraine
242740,Procurement,Istanbul,Turkey
244500,Operations Department,Dublin,Ireland
245059,Audit,Dublin,Ireland
247051,Operations Department,Munchen,Germany
248088,Operations Department,Kyiv,Ukraine
248449,HR,Amsterdam,Netherlands
249180,Accounting Department,Dublin,Ireland
249410,Operations Department,Dublin,Ireland
249736,Technical Office,Dublin,Ireland
251151,Operations Department,Istanbul,Turkey
251640,Technical Office,London,United Kingdom
252371,Accounting Department,London,United Kingdom
252938,HR,Istanbul,Turkey
253588,Accounting Department,Doha,Qatar
255640,Accounting Department,Budapest,Hungary
257927,HR,Istanbul,Turkey
259652,Operations Department,Kyiv,Ukraine
262702,Technical Office,London,United Kingdom
262843,HR,London,United Kingdom
264960,HR,Amsterdam,Netherlands
265124,HR,Istanbul,Turkey
266284,HR,Budapest,Hungary
266624,Operations Department,Kyiv,Ukraine
268942,Technical Office,Dublin,Ireland
269523,Accounting Department,Munchen,Germany
271180,Operations Department,Munchen,Germany
271247,Technical Office,Budapest ,Hungary
272413,Operations Department,Istanbul,Turkey
272885,Technical Office,London,United Kingdom
273325,Operations Department,Istanbul,Turkey
273427,Operations Department,Munchen,Germany
273645,HR,Budapest,Hungary
273769,Operations Department,London,United Kingdom
274518,Operations Department,London,United Kingdom
275491,HR,Istanbul,Turkey
276700,Planning,London,United Kingdom
277858,Operations Department,London,United Kingdom
278391,Accounting Department,Budapest,Hungary
279563,HR,London,United Kingdom
280326,Operations Department,Doha,Qatar
280781,QC,London,United Kingdom
280832,Operations Department,London,United Kingdom
281794,Operations Department,Kyiv,Ukraine
282037,Accounting Department,Amsterdam,Netherlands
282137,Accounting Department,Munchen,Germany
282678,QC,London,United Kingdom
283199,Technical Office,London,United Kingdom
285184,Technical Office,Kyiv,Ukraine
286890,Planning,London,United Kingdom
287114,Accounting Department,Kyiv,Ukraine
287787,Accounting Department,London,United Kingdom
288568,Operations Department,London,United Kingdom
288820,QC,London,United Kingdom
289041,Technical Office,London,United Kingdom
290034,Operations Department,Istanbul,Turkey
290808,Accounting Department,Doha,Qatar
291577,Commissioning,Dublin,Ireland
291663,Operations Department,London,United Kingdom
292144,Technical Office,Dublin,Ireland
294276,Operations Department,Munchen,Germany
295864,Technical Office,Istanbul,Turkey
295933,Planning,London,United Kingdom
297059,Accounting Department,Munchen,Germany
297502,Accounting Department,London,United Kingdom
297741,HR,London,United Kingdom
300693,Accounting Department,Doha,Qatar
304721,HR,Lyviv,Ukraine
305556,Accounting Department,Munchen,Germany
306185,Accounting Department,Kyiv,Ukraine
307715,Audit,Kyiv,Ukraine
307771,Operations Department,London,United Kingdom
308125,Audit,Munchen,Germany
308129,Technical Office,London,United Kingdom
308617,Accounting Department,Doha,Qatar
310986,Accounting Department,Doha,Qatar
311079,Accounting Department,Budapest,Hungary
311405,Technical Office,Dublin,Ireland
312364,Operations Department,Munchen,Germany
313864,Operations Department,Munchen,Germany
314444,Operations Department,Munchen,Germany
315565,Procurement,London,United Kingdom
316407,Audit,London,United Kingdom
316579,Accounting Department,London,United Kingdom
316995,Accounting Department,Budapest,Hungary
316999,Technical Office,London,United Kingdom
317525,Procurement,London,United Kingdom
318026,Technical Office,Amsterdam,Netherlands
318571,Accounting Department,Kyiv,Ukraine
319493,Technical Office,London,United Kingdom
323914,Accounting Department,Munchen,Germany
326358,HR,Amsterdam,Netherlands
326407,Accounting Department,London,United Kingdom
327429,Operations Department,Munchen,Germany
327467,Operations Department,London,United Kingdom
328389,Technical Office,London,United Kingdom
328562,HR,Istanbul,Turkey
328690,Operations Department,Dublin,Ireland
328740,Planning,London,United Kingdom
329548,Operations Department,Istanbul,Turkey
330816,HR,Lyviv,Ukraine
330889,Procurement,Istanbul,Turkey
332802,HR,Budapest,Hungary
333260,Commissioning,Munchen,Germany
335435,Technical Office,London,United Kingdom
335470,Technical Office,London,United Kingdom
337146,Technical Office,Kyiv,Ukraine
337955,HR,Amsterdam,Netherlands
338449,Technical Office,Budapest ,Hungary
338556,Accounting Department,Budapest,Hungary
339483,Accounting Department,Budapest,Hungary
339806,Technical Office,London,United Kingdom
340599,Technical Office,London,United Kingdom
341048,Operations Department,London,United Kingdom
344607,Accounting Department,London,United Kingdom
346662,Accounting Department,Doha,Qatar
349751,Technical Office,Amsterdam,Netherlands
350367,Planning,London,United Kingdom
350842,Logistic,London,United Kingdom
352677,Operations Department,Istanbul,Turkey
352882,Operations Department,Istanbul,Turkey
354363,Accounting Department,London,United Kingdom
358556,Operations Department,Munchen,Germany
358935,Accounting Department,Istanbul,Turkey
359608,Operations Department,Istanbul,Turkey
360498,Logistic,Doha,Qatar
362287,HR,London,United Kingdom
363748,Operations Department,Kyiv,Ukraine
363951,Accounting Department,Kyiv,Ukraine
368041,Legal,London,United Kingdom
368157,Operations Department,Kyiv,Ukraine
369712,Accounting Department,Doha,Qatar
371751,Technical Office,Dublin,Ireland
372188,Technical Office,London,United Kingdom
375051,Operations Department,Kyiv,Ukraine
375190,Operations Department,London,United Kingdom
375797,Operations Department,Doha,Qatar
381338,HR,Dublin,Ireland
381597,Operations Department,Munchen,Germany
384810,Technical Office,London,United Kingdom
385932,Logistic,London,United Kingdom
387407,Technical Office,Dublin,Ireland
390973,Operations Department,London,United Kingdom
390989,Operations Department,Kyiv,Ukraine
392678,Planning,London,United Kingdom
394200,Technical Office,London,United Kingdom
394700,Planning,London,United Kingdom
395792,HR,Dublin,Ireland
395867,Technical Office,London,United Kingdom
396091,Operations Department,Dublin,Ireland
396135,HR,London,United Kingdom
397164,Logistic,London,United Kingdom
397241,Operations Department,Munchen,Germany
398788,Accounting Department,Doha,Qatar
399192,Audit,Doha,Qatar
399486,Planning,London,United Kingdom
402452,Technical Office,London,United Kingdom
403674,Accounting Department,London,United Kingdom
403910,Technical Office,Istanbul,Turkey
404070,HR,London,United Kingdom
405156,Technical Office,Dublin,Ireland
407160,Operations Department,Doha,Qatar
407464,Operations Department,Munchen,Germany
408036,Planning,London,United Kingdom
408248,Technical Office,London,United Kingdom
409341,QC,Munchen,Germany
409492,Operations Department,Doha,Qatar
410027,Audit,Amsterdam,Netherlands
410300,Accounting Department,London,United Kingdom
410844,HR,London,United Kingdom
411066,Operations Department,London,United Kingdom
411196,Technical Office,London,United Kingdom
412201,Accounting Department,London,United Kingdom
412317,HR,Lyviv,Ukraine
414129,Planning,London,United Kingdom
414557,Technical Office,London,United Kingdom
414967,Accounting Department,London,United Kingdom
415004,Accounting Department,Budapest,Hungary
415161,Accounting Department,Munchen,Germany
415337,Operations Department,Kyiv,Ukraine
415537,Technical Office,London,United Kingdom
416483,Planning,London,United Kingdom
416872,Technical Office,London,United Kingdom
417301,Operations Department,Kyiv,Ukraine
419075,Accounting Department,Amsterdam,Netherlands
421652,Operations Department,Doha,Qatar
421955,Accounting Department,Doha,Qatar
422323,Operations Department,Doha,Qatar
423008,Audit,London,United Kingdom
423470,Operations Department,Munchen,Germany
423508,Planning,London,United Kingdom
425289,Technical Office,Munchen,Germany
430202,QC,London,United Kingdom
430633,Technical Office,Dublin,Ireland
430843,Accounting Department,Doha,Qatar
430932,Operations Department,Munchen,Germany
431018,Operations Department,Kyiv,Ukraine
431841,Accounting Department,London,United Kingdom
432168,IT,Munchen,Germany
433510,HR,Amsterdam,Netherlands
433698,Procurement,London,United Kingdom
434046,Accounting Department,Munchen,Germany
434723,IT,London,United Kingdom
435055,Technical Office,London,United Kingdom
436424,Operations Department,Kyiv,Ukraine
437096,Operations Department,Istanbul,Turkey
437878,Procurement,London,United Kingdom
437970,Operations Department,Dublin,Ireland
438094,Operations Department,London,United Kingdom
438561,Operations Department,London,United Kingdom
443072,QC,London,United Kingdom
444670,Technical Office,Dublin,Ireland
445516,Technical Office,London,United Kingdom
445556,Operations Department,Doha,Qatar
445650,Operations Department,Kyiv,Ukraine
446702,Operations Department,London,United Kingdom
449164,QC,London,United Kingdom
449655,Operations Department,London,United Kingdom
451543,Planning,London,United Kingdom
451940,Technical Office,London,United Kingdom
451972,HR,London,United Kingdom
452230,Planning,London,United Kingdom
452967,Operations Department,Kyiv,Ukraine
454287,Operations Department,Istanbul,Turkey
454506,Operations Department,Istanbul,Turkey
454745,Technical Office,Istanbul,Turkey
456816,Operations Department,Istanbul,Turkey
456842,Planning,London,United Kingdom
457714,Operations Department,London,United Kingdom
458320,HR,London,United Kingdom
458765,Accounting Department,Kyiv,Ukraine
461350,Operations Department,Istanbul,Turkey
461385,Accounting Department,Dublin,Ireland
463579,QC,Munchen,Germany
463743,Operations Department,Munchen,Germany
463784,IT,Munchen,Germany
463929,Technical Office,London,United Kingdom
466203,Operations Department,Kyiv,Ukraine
466860,Technical Office,Amsterdam,Netherlands
467568,Operations Department,Munchen,Germany
468128,Contract,London,United Kingdom
468347,Operations Department,Munchen,Germany
469392,Technical Office,London,United Kingdom
471560,Planning,London,United Kingdom
471961,Operations Department,London,United Kingdom
472119,Technical Office,London,United Kingdom
473773,Operations Department,London,United Kingdom
474759,Accounting Department,Doha,Qatar
475176,Operations Department,Munchen,Germany
476018,Operations Department,Dublin,Ireland
476072,HR,London,United Kingdom
476635,Contract,Istanbul,Turkey
476750,Operations Department,Istanbul,Turkey
479754,Operations Department,Doha,Qatar
479832,HR,Budapest,Hungary
481137,Technical Office,London,United Kingdom
481176,Operations Department,London,United Kingdom
483751,HR,Lyviv,Ukraine
484822,Operations Department,Kyiv,Ukraine
486465,Technical Office,London,United Kingdom
486573,Operations Department,Kyiv,Ukraine
487100,Accounting Department,Amsterdam,Netherlands
488068,Logistic,Istanbul,Turkey
489463,Planning,London,United Kingdom
489761,Technical Office,London,United Kingdom
490868,Operations Department,Munchen,Germany
491595,Accounting Department,Amsterdam,Netherlands
492623,Operations Department,Kyiv,Ukraine
494794,Operations Department,Kyiv,Ukraine
495105,QC,London,United Kingdom
495659,Technical Office,Istanbul,Turkey
497086,Operations Department,Istanbul,Turkey
498361,Operations Department,Munchen,Germany
498653,Operations Department,London,United Kingdom
500345,Technical Office,Amsterdam,Netherlands
501368,Operations Department,Kyiv,Ukraine
501422,IT,London,United Kingdom
502509,Procurement,London,United Kingdom
504422,Operations Department,London,United Kingdom
505362,Technical Office,London,United Kingdom
505758,Accounting Department,Amsterdam,Netherlands
505780,Accounting Department,Amsterdam,Netherlands
507594,Operations Department,Kyiv,Ukraine
507999,Operations Department,Istanbul,Turkey
508019,Cost Control,London,United Kingdom
509810,Operations Department,Munchen,Germany
509911,Accounting Department,London,United Kingdom
510431,Planning,London,United Kingdom
513011,Accounting Department,Doha,Qatar
513773,Accounting Department,Dublin,Ireland
516579,Operations Department,Istanbul,Turkey
516945,Procurement,Istanbul,Turkey
517038,Planning,London,United Kingdom
517283,Planning,London,United Kingdom
518154,Technical Office,London,United Kingdom
518193,Planning,London,United Kingdom
520092,HR,Lyviv,Ukraine
520539,Operations Department,Munchen,Germany
520702,Accounting Department,London,United Kingdom
520719,Accounting Department,Munchen,Germany
521604,Operations Department,Istanbul,Turkey
521878,Technical Office,London,United Kingdom
523887,Operations Department,Munchen,Germany
526273,Operations Department,Kyiv,Ukraine
528086,Accounting Department,Munchen,Germany
528576,QC,Munchen,Germany
528969,Operations Department,Dublin,Ireland
529604,Operations Department,Kyiv,Ukraine
530958,HR,London,United Kingdom
532002,HR,Lyviv,Ukraine
532285,Accounting Department,Budapest,Hungary
532560,Operations Department,London,United Kingdom
535812,Technical Office,Amsterdam,Netherlands
536053,Operations Department,London,United Kingdom
537235,Operations Department,Munchen,Germany
539548,Staff,London,United Kingdom
540019,Planning,London,United Kingdom
540696,Logistic,London,United Kingdom
541221,Technical Office,Munchen,Germany
541867,Planning,London,United Kingdom
542826,Planning,London,United Kingdom
543320,Operations Department,London,United Kingdom
544977,Operations Department,Munchen,Germany
547050,Technical Office,London,United Kingdom
547420,Accounting Department,London,United Kingdom
551251,Technical Office,London,United Kingdom
552582,Accounting Department,Amsterdam,Netherlands
553362,Technical Office,London,United Kingdom
554345,Technical Office,London,United Kingdom
555551,Audit,Istanbul,Turkey
556491,Accounting Department,Doha,Qatar
556518,Planning,London,United Kingdom
556573,Accounting Department,Budapest,Hungary
557561,Operations Department,Munchen,Germany
559421,Accounting Department,Budapest,Hungary
562109,Accounting Department,Kyiv,Ukraine
562393,Planning,London,United Kingdom
563448,Technical Office,Dublin,Ireland
563580,Procurement,London,United Kingdom
564246,Operations Department,Istanbul,Turkey
565658,Planning,London,United Kingdom
567269,Technical Office,Dublin,Ireland
568435,Technical Office,Kyiv,Ukraine
569286,Operations Department,Doha,Qatar
569664,Planning,London,United Kingdom
570009,Operations Department,Doha,Qatar
570767,Operations Department,London,United Kingdom
572348,Planning,London,United Kingdom
574256,Technical Office,London,United Kingdom
574544,Operations Department,Dublin,Ireland
575035,Operations Department,Doha,Qatar
579003,Technical Office,Dublin,Ireland
579618,Accounting Department,London,United Kingdom
581042,Technical Office,London,United Kingdom
581261,Accounting Department,Doha,Qatar
581563,HR,Istanbul,Turkey
582100,Operations Department,Doha,Qatar
583282,Accounting Department,Doha,Qatar
583924,IT,Doha,Qatar
585128,Technical Office,Istanbul,Turkey
586177,Technical Office,London,United Kingdom
586207,Accounting Department,London,United Kingdom
587361,HR,London,United Kingdom
587373,QC,London,United Kingdom
587639,Technical Office,Munchen,Germany
588553,Technical Office,London,United Kingdom
588664,Technical Office,Istanbul,Turkey
588702,Technical Office,London,United Kingdom
589440,QC,London,United Kingdom
589874,Technical Office,Munchen,Germany
590579,Accounting Department,Munchen,Germany
590955,Planning,London,United Kingdom
591248,Planning,London,United Kingdom
591698,Contract,London,United Kingdom
593953,HR,Istanbul,Turkey
596366,IT,Istanbul,Turkey
596917,Accounting Department,London,United Kingdom
597006,Technical Office,Munchen,Germany
597202,HR,London,United Kingdom
597409,Operations Department,Istanbul,Turkey
597805,Accounting Department,Doha,Qatar
599012,Operations Department,Dublin,Ireland
599683,Operations Department,Munchen,Germany
601071,Accounting Department,Munchen,Germany
601808,Operations Department,Munchen,Germany
602683,Accounting Department,Munchen,Germany
603179,Accounting Department,Istanbul,Turkey
603575,Accounting Department,Dublin,Ireland
606109,Planning,London,United Kingdom
606834,Operations Department,Kyiv,Ukraine
608832,Accounting Department,London,United Kingdom
611233,Operations Department,Doha,Qatar
611384,Technical Office,London,United Kingdom
612850,HR,Lyviv,Ukraine
612960,Technical Office,Dublin,Ireland
615857,Technical Office,Istanbul,Turkey
616656,Operations Department,Istanbul,Turkey
616665,HR,London,United Kingdom
618339,Technical Office,London,United Kingdom
618554,Technical Office,Amsterdam,Netherlands
620634,Accounting Department,London,United Kingdom
621375,HR,Lyviv,Ukraine
621606,QC,London,United Kingdom
621988,Planning,London,United Kingdom
625661,Operations Department,Kyiv,Ukraine
625981,Accounting Department,London,United Kingdom
626693,Technical Office,London,United Kingdom
629763,Planning,London,United Kingdom
630030,Operations Department,Munchen,Germany
633255,Accounting Department,Doha,Qatar
634658,Accounting Department,Dublin,Ireland
635915,Logistic,London,United Kingdom
636018,Operations Department,London,United Kingdom
636457,Technical Office,London,United Kingdom
637522,Operations Department,Kyiv,Ukraine
637843,Technical Office,Amsterdam,Netherlands
638900,Operations Department,London,United Kingdom
638943,IT,London,United Kingdom
639474,Procurement,Istanbul,Turkey
641096,Accounting Department,Kyiv,Ukraine
641368,Procurement,Istanbul,Turkey
642418,Operations Department,Istanbul,Turkey
642586,Operations Department,Istanbul,Turkey
645306,Operations Department,Munchen,Germany
645393,Planning,London,United Kingdom
646972,Operations Department,Kyiv,Ukraine
648118,Accounting Department,Budapest,Hungary
648744,Technical Office,Istanbul,Turkey
648913,Accounting Department,Doha,Qatar
649821,Technical Office,London,United Kingdom
651120,Accounting Department,Doha,Qatar
651163,Technical Office,Munchen,Germany
651597,Logistic,London,United Kingdom
651738,Technical Office,London,United Kingdom
651910,Technical Office,Istanbul,Turkey
652723,Planning,London,United Kingdom
654102,Operations Department,Dublin,Ireland
654723,Operations Department,Kyiv,Ukraine
654747,Technical Office,Istanbul,Turkey
657125,Technical Office,London,United Kingdom
657908,Planning,London,United Kingdom
661971,Operations Department,Istanbul,Turkey
662168,Operations Department,Munchen,Germany
664249,Accounting Department,Budapest,Hungary
664807,Operations Department,Istanbul,Turkey
665326,Technical Office,London,United Kingdom
666886,Planning,Istanbul,Turkey
668717,HR,Amsterdam,Netherlands
669618,Operations Department,Istanbul,Turkey
670526,Operations Department,Doha,Qatar
672964,Operations Department,Kyiv,Ukraine
673049,HR,Istanbul,Turkey
673126,Operations Department,Munchen,Germany
673438,Technical Office,London,United Kingdom
673451,Operations Department,Munchen,Germany
673745,Operations Department,Istanbul,Turkey
674436,Operations Department,Kyiv,Ukraine
676618,HR,London,United Kingdom
677871,Commissioning,London,United Kingdom
678244,Operations Department,Kyiv,Ukraine
678436,Planning,London,United Kingdom
678498,Operations Department,Istanbul,Turkey
679572,Procurement,Istanbul,Turkey
679990,Technical Office,London,United Kingdom
680485,Planning,London,United Kingdom
682104,Operations Department,Kyiv,Ukraine
682855,Operations Department,Kyiv,Ukraine
683325,Technical Office,London,United Kingdom
683539,Operations Department,Munchen,Germany
684446,Logistic,London,United Kingdom
684722,Operations Department,Istanbul,Turkey
685818,Planning,London,United Kingdom
688327,Operations Department,Istanbul,Turkey
688836,Operations Department,Istanbul,Turkey
689587,Technical Office,London,United Kingdom
690117,Planning,London,United Kingdom
694921,Procurement,London,United Kingdom
695631,Accounting Department,London,United Kingdom
696218,Operations Department,Doha,Qatar
696612,HR,London,United Kingdom
697802,Operations Department,Doha,Qatar
700418,Administrator Affairs,Munchen,Germany
701223,Accounting Department,Dublin,Ireland
701561,Operations Department,Kyiv,Ukraine
702034,Accounting Department,London,United Kingdom
703495,Operations Department,Kyiv,Ukraine
703738,Technical Office,London,United Kingdom
706151,Operations Department,London,United Kingdom
707453,Technical Office,London,United Kingdom
707520,HR,Istanbul,Turkey
707678,Operations Department,Kyiv,Ukraine
707856,Technical Office,London,United Kingdom
709146,Technical Office,Istanbul,Turkey
709748,Operations Department,London,United Kingdom
709899,Operations Department,Kyiv,Ukraine
711278,Operations Department,Munchen,Germany
712045,Operations Department,London,United Kingdom
712170,Technical Office,Kyiv,Ukraine
713805,Accounting Department,Budapest,Hungary
715045,Technical Office,Kyiv,Ukraine
717079,Technical Office,Dublin,Ireland
717861,Operations Department,Istanbul,Turkey
719798,Procurement,London,United Kingdom
721098,IT,Munchen,Germany
722543,Accounting Department,Doha,Qatar
724235,Accounting Department,Amsterdam,Netherlands
725424,IT,London,United Kingdom
725731,Operations Department,Munchen,Germany
725857,Accounting Department,London,United Kingdom
728839,Technical Office,London,United Kingdom
732315,Operations Department,Munchen,Germany
733184,Technical Office,London,United Kingdom
734991,Operations Department,Munchen,Germany
735499,Technical Office,London,United Kingdom
735598,Technical Office,London,United Kingdom
737292,Accounting Department,London,United Kingdom
738794,Legal,London,United Kingdom
739367,Technical Office,London,United Kingdom
740281,Accounting Department,Munchen,Germany
743314,Operations Department,London,United Kingdom
743727,Operations Department,London,United Kingdom
744539,Technical Office,London,United Kingdom
745672,HR,London,United Kingdom
746945,Operations Department,Istanbul,Turkey
747004,Operations Department,London,United Kingdom
747200,Accounting Department,Dublin,Ireland
747647,Planning,London,United Kingdom
749292,Operations Department,Kyiv,Ukraine
749765,IT,London,United Kingdom
750124,QC,London,United Kingdom
750581,IT,London,United Kingdom
751376,Design Engineering,London,United Kingdom
751897,Technical Office,London,United Kingdom
752301,Operations Department,Dublin,Ireland
752997,Operations Department,Doha,Qatar
754091,Planning,London,United Kingdom
755278,Planning,London,United Kingdom
755543,Technical Office,London,United Kingdom
759183,Operations Department,Istanbul,Turkey
759226,Operations Department,London,United Kingdom
759248,HR,London,United Kingdom
760573,Operations Department,Dublin,Ireland
760995,Operations Department,Istanbul,Turkey
761381,Accounting Department,Munchen,Germany
763039,Planning,London,United Kingdom
763459,Procurement,Istanbul,Turkey
764254,Operations Department,Munchen,Germany
766745,Operations Department,Munchen,Germany
766783,Accounting Department,Doha,Qatar
768457,Accounting Department,Doha,Qatar
768500,Technical Office,Istanbul,Turkey
768943,HSE,Doha,Qatar
769123,HR,London,United Kingdom
770255,Operations Department,Istanbul,Turkey
770810,Accounting Department,Budapest,Hungary
771425,Accounting Department,London,United Kingdom
771945,Technical Office,London,United Kingdom
772354,Procurement,Istanbul,Turkey
774548,Technical Office,Amsterdam,Netherlands
774862,Technical Office,London,United Kingdom
775434,Technical Office,London,United Kingdom
776211,Technical Office,Munchen,Germany
778200,Technical Office,London,United Kingdom
778415,Operations Department,London,United Kingdom
779374,Operations Department,Munchen,Germany
780963,Accounting Department,Amsterdam,Netherlands
781472,Accounting Department,Dublin,Ireland
783654,Operations Department,Kyiv,Ukraine
785299,Administrator Affairs,Kyiv,Ukraine
787549,HR,Lyviv,Ukraine
787931,Technical Office,London,United Kingdom
790008,Operations Department,Munchen,Germany
790017,Operations Department,Istanbul,Turkey
790187,Technical Office,London,United Kingdom
790290,QC,London,United Kingdom
790389,IT,London,United Kingdom
791119,Accounting Department,Budapest,Hungary
791967,Procurement,Istanbul,Turkey
792224,Technical Office,Kyiv,Ukraine
793523,Accounting Department,Doha,Qatar
795746,Technical Office,Dublin,Ireland
795934,HR,Lyviv,Ukraine
796832,Operations Department,Kyiv,Ukraine
798043,QC,London,United Kingdom
798553,Accounting Department,Budapest,Hungary
798646,HR,London,United Kingdom
798671,Accounting Department,Budapest,Hungary
798859,Accounting Department,Kyiv,Ukraine
801970,Logistic,London,United Kingdom
802355,Operations Department,London,United Kingdom
803426,Technical Office,Budapest ,Hungary
804360,Technical Office,London,United Kingdom
804895,Technical Office,Istanbul,Turkey
805103,Accounting Department,Kyiv,Ukraine
807182,Operations Department,Munchen,Germany
807964,HR,London,United Kingdom
808609,Operations Department,Munchen,Germany
808727,Planning,London,United Kingdom
808843,Planning,London,United Kingdom
808996,Operations Department,Dublin,Ireland
809104,Operations Department,Doha,Qatar
809491,Accounting Department,Amsterdam,Netherlands
809726,Technical Office,London,United Kingdom
809793,Operations Department,Munchen,Germany
810984,Planning,London,United Kingdom
811092,QC,London,United Kingdom
811489,Accounting Department,Kyiv,Ukraine
811884,QC,Munchen,Germany
812026,Operations Department,Istanbul,Turkey
816768,Technical Office,Istanbul,Turkey
817037,Accounting Department,Doha,Qatar
817818,Cost Control,London,United Kingdom
818352,Operations Department,Istanbul,Turkey
821474,Accounting Department,Amsterdam,Netherlands
821754,Procurement,Istanbul,Turkey
821988,Technical Office,Amsterdam,Netherlands
825343,IT,London,United Kingdom
825433,Operations Department,Munchen,Germany
825853,Accounting Department,Doha,Qatar
828174,Operations Department,London,United Kingdom
829416,Accounting Department,Amsterdam,Netherlands
830006,Business Development,Kyiv,Ukraine
830373,Technical Office,London,United Kingdom
833424,Operations Department,Dublin,Ireland
835545,Accounting Department,London,United Kingdom
836259,Accounting Department,Munchen,Germany
836699,Accounting Department,Kyiv,Ukraine
837427,Operations Department,Munchen,Germany
838662,Operations Department,London,United Kingdom
839558,Accounting Department,Doha,Qatar
842752,Accounting Department,Dublin,Ireland
842936,Operations Department,Doha,Qatar
843879,Operations Department,Doha,Qatar
844571,Driver,London,United Kingdom
845635,Technical Office,Dublin,Ireland
846100,Accounting Department,London,United Kingdom
846144,Technical Office,Budapest ,Hungary
846178,Planning,London,United Kingdom
848091,Operations Department,Istanbul,Turkey
848311,Technical Office,Amsterdam,Netherlands
848744,Planning,London,United Kingdom
850297,HR,Lyviv,Ukraine
851939,Technical Office,Budapest ,Hungary
852587,Technical Office,London,United Kingdom
854365,Planning,London,United Kingdom
854776,Technical Office,London,United Kingdom
855670,Planning,London,United Kingdom
855988,Accounting Department,London,United Kingdom
856369,Accounting Department,Kyiv,Ukraine
856418,Technical Office,London,United Kingdom
857324,Operations Department,Munchen,Germany
860093,HR,London,United Kingdom
862150,Logistic,London,United Kingdom
862947,Operations Department,Istanbul,Turkey
863522,Accounting Department,London,United Kingdom
864339,Operations Department,Kyiv,Ukraine
864516,Technical Office,Istanbul,Turkey
864834,Technical Office,Dublin,Ireland
864858,Operations Department,Dublin,Ireland
865495,Accounting Department,Munchen,Germany
865628,IT,London,United Kingdom
865905,Planning,London,United Kingdom
866051,Accounting Department,London,United Kingdom
866614,Design Engineering,London,United Kingdom
866744,Operations Department,London,United Kingdom
870351,Logistic,London,United Kingdom
870463,Accounting Department,Amsterdam,Netherlands
870904,QC,London,United Kingdom
871610,Accounting Department,Amsterdam,Netherlands
871770,Accounting Department,Budapest,Hungary
871827,Operations Department,Kyiv,Ukraine
873626,Operations Department,Istanbul,Turkey
873985,Operations Department,London,United Kingdom
874431,Operations Department,Istanbul,Turkey
874971,Accounting Department,Munchen,Germany
877422,IT,London,United Kingdom
880526,Operations Department,Doha,Qatar
880704,Planning,London,United Kingdom
880808,Technical Office,Munchen,Germany
884068,Operations Department,Munchen,Germany
884877,QC,London,United Kingdom
885624,Operations Department,London,United Kingdom
885774,Operations Department,Dublin,Ireland
886315,Accounting Department,Amsterdam,Netherlands
887692,Technical Office,London,United Kingdom
888196,HR,London,United Kingdom
888277,QC,London,United Kingdom
890432,Planning,London,United Kingdom
891083,Technical Office,Istanbul,Turkey
891142,Planning,London,United Kingdom
893798,Operations Department,Munchen,Germany
893976,Planning,London,United Kingdom
894936,HR,Dublin,Ireland
896022,Planning,London,United Kingdom
896825,Technical Office,Dublin,Ireland
898816,Procurement,Istanbul,Turkey
899405,Technical Office,Munchen,Germany
900863,Technical Office,Munchen,Germany
901185,HR,Amsterdam,Netherlands
901588,Operations Department,London,United Kingdom
901654,Technical Office,London,United Kingdom
901775,Operations Department,Istanbul,Turkey
902132,QC,London,United Kingdom
903098,Operations Department,Istanbul,Turkey
905335,Procurement,London,United Kingdom
906259,Operations Department,Istanbul,Turkey
906797,Operations Department,Istanbul,Turkey
906870,HR,Amsterdam,Netherlands
908007,Accounting Department,Amsterdam,Netherlands
909024,Technical Office,Istanbul,Turkey
909139,Planning,London,United Kingdom
909265,Procurement,Istanbul,Turkey
909337,Accounting Department,Munchen,Germany
909541,Technical Office,Dublin,Ireland
911800,Procurement,Istanbul,Turkey
913253,Accounting Department,Doha,Qatar
915507,Accounting Department,Munchen,Germany
915993,QC,Munchen,Germany
918148,Operations Department,Dublin,Ireland
920668,Operations Department,Dublin,Ireland
921061,Technical Office,London,United Kingdom
923271,Planning,London,United Kingdom
923329,Consolidation,Istanbul,Turkey
924134,Planning,London,United Kingdom
924252,Technical Office,Dublin,Ireland
924281,Accounting Department,Doha,Qatar
924304,QC,London,United Kingdom
924427,Accounting Department,Amsterdam,Netherlands
924999,Operations Department,London,United Kingdom
925484,HR,London,United Kingdom
925954,Operations Department,Munchen,Germany
926224,QC,London,United Kingdom
928723,QC,London,United Kingdom
928739,Accounting Department,Munchen,Germany
928962,Operations Department,Munchen,Germany
929548,Technical Office,London,United Kingdom
929791,HR,Dublin,Ireland
930129,Planning,London,United Kingdom
931481,Operations Department,Kyiv,Ukraine
931551,Procurement,London,United Kingdom
932175,Technical Office,London,United Kingdom
932425,Accounting Department,Dublin,Ireland
932453,IT,Munchen,Germany
934285,Accounting Department,Kyiv,Ukraine
934912,Operations Department,Munchen,Germany
935067,Technical Office,Munchen,Germany
935745,Procurement,Istanbul,Turkey
935890,Planning,London,United Kingdom
937260,Operations Department,Munchen,Germany
937737,Accounting Department,London,United Kingdom
937931,Procurement,Istanbul,Turkey
938475,Technical Office,London,United Kingdom
939556,Technical Office,Istanbul,Turkey
939970,Planning,London,United Kingdom
940754,QC,London,United Kingdom
941632,Operations Department,London,United Kingdom
941759,Operations Department,Munchen,Germany
942454,Operations Department,Munchen,Germany
944699,Planning,London,United Kingdom
944811,Planning,London,United Kingdom
946630,HR,Dublin,Ireland
946835,HR,Dublin,Ireland
947334,Accounting Department,Budapest,Hungary
948512,Accounting Department,Amsterdam,Netherlands
950796,Operations Department,London,United Kingdom
951011,Operations Department,Munchen,Germany
951857,Accounting Department,Doha,Qatar
953967,HR,Budapest,Hungary
953997,Operations Department,Istanbul,Turkey
955183,Technical Office,Kyiv,Ukraine
955260,Technical Office,Istanbul,Turkey
956821,Technical Office,Munchen,Germany
957082,Technical Office,Istanbul,Turkey
957459,Operations Department,Munchen,Germany
959306,Accounting Department,Budapest,Hungary
959506,Accounting Department,Doha,Qatar
960091,Operations Department,Kyiv,Ukraine
962851,Accounting Department,Dublin,Ireland
963113,Commissioning,Budapest,Hungary
963676,HR,London,United Kingdom
964084,Technical Office,London,United Kingdom
964222,Technical Office,Munchen,Germany
964798,Operations Department,Munchen,Germany
965308,Operations Department,Kyiv,Ukraine
966375,HR,Istanbul,Turkey
966525,HR,London,United Kingdom
967793,Operations Department,Munchen,Germany
968785,Operations Department,Doha,Qatar
969572,Technical Office,Dublin,Ireland
970502,HR,Amsterdam,Netherlands
970841,Operations Department,Munchen,Germany
971444,Accounting Department,Munchen,Germany
974444,Accounting Department,Amsterdam,Netherlands
975770,Planning,London,United Kingdom
976096,HR,Istanbul,Turkey
976347,Technical Office,Dublin,Ireland
977573,Operations Department,London,United Kingdom
978535,Operations Department,Doha,Qatar
978745,Operations Department,Munchen,Germany
979649,Operations Department,Munchen,Germany
979873,Operations Department,Dublin,Ireland
981925,Accounting Department,Budapest,Hungary
982922,Operations Department,Munchen,Germany
983480,Technical Office,Amsterdam,Netherlands
987377,Technical Office,London,United Kingdom
988676,Planning,London,United Kingdom
988937,Accounting Department,London,United Kingdom
990758,Operations Department,Kyiv,Ukraine
991522,Technical Office,London,United Kingdom
992197,Operations Department,Doha,Qatar
992569,Procurement,Istanbul,Turkey
993099,Technical Office,London,United Kingdom
993675,HR,London,United Kingdom
993792,Technical Office,London,United Kingdom
994907,Operations Department,Munchen,Germany
995242,Accounting Department,Doha,Qatar
995863,Operations Department,Munchen,Germany
996768,Operations Department,London,United Kingdom
998638,Technical Office,London,United Kingdom
999219,Operations Department,Munchen,Germany
999475,Technical Office,London,United Kingdom
